Time,City,Latitude,Longitude,Temperature_Celsius,Condition,Condition_Description,Icon_Code,Temp_Min_Celsius,Temp_Max_Celsius,Humidity,Feels_Like_Celsius,Pressure,Visibility,Wind_Deg,Gust_Speed,Wind_Speed,Rainfall_mm,Snowfall_mm,Clouds,Sunrise_Readable,Sunset_Readable,Timezone,Coord_Lon,Coord_Lat,Wind_Direction_Text,Weather_Description_With_Wind
2024-02-01 19:18:31 WIB,Pasir Gunung Selatan,-6.3594,106.8461,25.40,Rain,light rain,10n,24.71,27.68,91,26.37,1013,5000,0,,0,16.51,,40,2024-02-01 05:54:31,2024-02-01 18:17:29,25200,106.8461,-6.3594,North,Wind Direction: North
2024-02-01 18:08:54 WIB,Pasir Gunung Selatan,-6.3594,106.8461,28.11,Thunderstorm,thunderstorm with light rain,11d,25.71,30.90,94,34.85,1011,4000,220,,2.57,57.91,,75,2024-02-01 05:54:31,2024-02-01 18:17:29,25200,106.8461,-6.3594,Southwest,Wind Direction: Southwest
2024-02-01 17:11:31 WIB,Pasir Gunung Selatan,-6.3594,106.8461,28.67,Thunderstorm,thunderstorm,11d,26.71,30.90,91,35.67,1011,2000,200,,2.57,71.12,,75,2024-02-01 05:54:31,2024-02-01 18:17:29,25200,106.8461,-6.3594,South-Southwest,Wind Direction: South-Southwest
2024-02-01 16:11:33 WIB,Pasir Gunung Selatan,-6.3594,106.8461,30.16,Rain,moderate rain,10d,29.61,32.12,88,37.16,1010,8448,310,4.37,3.41,45.21,,73,2024-02-01 05:54:31,2024-02-01 18:17:29,25200,106.8461,-6.3594,Northwest,Wind Direction: Northwest
2024-02-01 15:13:18 WIB,Pasir Gunung Selatan,-6.3594,106.8461,30.53,Thunderstorm,thunderstorm with light rain,11d,29.71,32.68,67,35.57,1010,3000,310,,3.09,28.70,,75,2024-02-01 05:54:31,2024-02-01 18:17:29,25200,106.8461,-6.3594,Northwest,Wind Direction: Northwest
2024-02-01 14:10:30 WIB,Pasir Gunung Selatan,-6.3594,106.8461,31.91,Haze,haze,50d,29.96,33.79,62,37.47,1011,5000,340,,3.09,41.14,,40,2024-02-01 05:54:31,2024-02-01 18:17:29,25200,106.8461,-6.3594,North-Northwest,Wind Direction: North-Northwest
2024-02-01 13:13:56 WIB,Pasir Gunung Selatan,-6.3594,106.8461,32.78,Rain,light rain,10d,31.28,34.71,60,38.96,1011,6000,360,,2.57,23.11,,40,2024-02-01 05:54:31,2024-02-01 18:17:29,25200,106.8461,-6.3594,North,Wind Direction: North
2024-02-01 12:10:14 WIB,Pasir Gunung Selatan,-6.3594,106.8461,32.06,Clouds,scattered clouds,03d,31.63,33.28,62,37.84,1013,6000,340,,4.12,0,,40,2024-02-01 05:54:31,2024-02-01 18:17:29,25200,106.8461,-6.3594,North-Northwest,Wind Direction: North-Northwest
2024-02-01 11:13:59 WIB,Pasir Gunung Selatan,-6.3594,106.8461,32.00,Clouds,scattered clouds,03d,29.61,33.79,62,37.69,1013,6000,250,,1.54,0,,40,2024-02-01 05:54:31,2024-02-01 18:17:29,25200,106.8461,-6.3594,West-Southwest,Wind Direction: West-Southwest
2024-02-01 10:11:48 WIB,Pasir Gunung Selatan,-6.3594,106.8461,30.45,Clouds,few clouds,02d,29.61,32.73,70,36.16,1014,6000,0,,0,0,,20,2024-02-01 05:54:31,2024-02-01 18:17:29,25200,106.8461,-6.3594,North,Wind Direction: North
2024-02-01 09:20:45 WIB,Pasir Gunung Selatan,-6.3594,106.8461,29.90,Clouds,few clouds,02d,28.50,31.62,70,34.80,1014,6000,0,,0,0,,20,2024-02-01 05:54:31,2024-02-01 18:17:29,25200,106.8461,-6.3594,North,Wind Direction: North
2024-02-01 08:50:08 WIB,Pasir Gunung Selatan,-6.3594,106.8461,28.81,Clouds,few clouds,02d,28.50,29.23,74,33.04,1014,6000,170,,2.57,0,,20,2024-02-01 05:54:31,2024-02-01 18:17:29,25200,106.8461,-6.3594,South,Wind Direction: South
2024-02-01 07:50:34 WIB,Pasir Gunung Selatan,-6.3594,106.8461,26.72,Haze,haze,50d,25.71,29.23,94,30.30,1013,4000,180,,1.54,0,,20,2024-02-01 05:54:31,2024-02-01 18:17:29,25200,106.8461,-6.3594,South,Wind Direction: South
2024-02-01 06:11:08 WIB,Pasir Gunung Selatan,-6.3594,106.8461,25.22,Haze,haze,50d,24.61,27.74,89,26.12,1012,5000,0,,0,0,,20,2024-02-01 05:54:31,2024-02-01 18:17:29,25200,106.8461,-6.3594,North,Wind Direction: North
2024-02-01 05:10:25 WIB,Pasir Gunung Selatan,-6.3594,106.8461,25.53,Clouds,overcast clouds,04n,24.61,27.17,90,26.49,1012,10000,287,3.46,1.92,0,,100,2024-02-01 05:54:31,2024-02-01 18:17:29,25200,106.8461,-6.3594,West-Northwest,Wind Direction: West-Northwest
2024-02-01 04:10:39 WIB,Pasir Gunung Selatan,-6.3594,106.8461,24.79,Clouds,overcast clouds,04n,24.63,25.17,89,25.65,1012,10000,279,3.52,1.88,0,,100,2024-02-01 05:54:31,2024-02-01 18:17:29,25200,106.8461,-6.3594,West,Wind Direction: West
2024-02-01 03:10:33 WIB,Pasir Gunung Selatan,-6.3594,106.8461,25.18,Clouds,overcast clouds,04n,24.96,25.63,90,26.10,1012,10000,266,3.53,1.85,0,,100,2024-02-01 05:54:31,2024-02-01 18:17:29,25200,106.8461,-6.3594,West,Wind Direction: West
2024-02-01 02:08:37 WIB,Pasir Gunung Selatan,-6.3594,106.8461,25.64,Clouds,overcast clouds,04n,25.17,27.73,90,26.61,1012,10000,262,3.33,1.93,0,,100,2024-02-01 05:54:31,2024-02-01 18:17:29,25200,106.8461,-6.3594,West,Wind Direction: West
2024-02-01 01:10:24 WIB,Pasir Gunung Selatan,-6.3594,106.8461,26.04,Clouds,overcast clouds,04n,25.17,28.28,88,26.04,1013,10000,259,2.87,1.83,0,,100,2024-02-01 05:54:31,2024-02-01 18:17:29,25200,106.8461,-6.3594,West,Wind Direction: West
2024-02-01 00:09:19 WIB,Pasir Gunung Selatan,-6.3594,106.8461,26.40,Clouds,overcast clouds,04n,25.17,27.68,87,26.40,1013,10000,260,2.55,1.93,0,,100,2024-02-01 05:54:31,2024-02-01 18:17:29,25200,106.8461,-6.3594,West,Wind Direction: West
2024-01-31 23:12:18 WIB,Pasir Gunung Selatan,-6.3594,106.8461,26.05,Haze,haze,50n,25.17,26.63,86,26.05,1014,5000,240,,2.57,0,,40,2024-01-31 05:54:13,2024-01-31 18:17:27,25200,106.8461,-6.3594,West-Southwest,Wind Direction: West-Southwest
2024-01-31 22:10:17 WIB,Pasir Gunung Selatan,-6.3594,106.8461,26.30,Haze,haze,50n,25.71,27.68,88,26.30,1014,5000,0,,0,0,,40,2024-01-31 05:54:13,2024-01-31 18:17:27,25200,106.8461,-6.3594,North,Wind Direction: North
2024-01-31 21:09:25 WIB,Pasir Gunung Selatan,-6.3594,106.8461,26.93,Haze,haze,50n,26.71,27.74,86,30.14,1013,5000,0,,0,0,,40,2024-01-31 05:54:13,2024-01-31 18:17:27,25200,106.8461,-6.3594,North,Wind Direction: North
2024-01-31 20:10:54 WIB,Pasir Gunung Selatan,-6.3594,106.8461,27.04,Haze,haze,50n,26.63,28.79,81,29.93,1013,5000,190,,1.54,52.07,,40,2024-01-31 05:54:13,2024-01-31 18:17:27,25200,106.8461,-6.3594,South,Wind Direction: South
2024-01-31 19:18:19 WIB,Pasir Gunung Selatan,-6.3594,106.8461,27.16,Haze,haze,50n,26.71,29.40,81,30.20,1013,5000,170,,2.06,0,,40,2024-01-31 05:54:13,2024-01-31 18:17:27,25200,106.8461,-6.3594,South,Wind Direction: South
2024-01-31 18:09:00 WIB,Pasir Gunung Selatan,-6.3594,106.8461,29.73,Rain,moderate rain,10d,28.04,30.71,67,33.73,1012,6000,330,,3.09,39.11,,40,2024-01-31 05:54:13,2024-01-31 18:17:27,25200,106.8461,-6.3594,North-Northwest,Wind Direction: North-Northwest
2024-01-31 17:11:02 WIB,Pasir Gunung Selatan,-6.3594,106.8461,29.71,Rain,moderate rain,10d,28.50,29.71,66,33.47,1011,10000,233,1.86,0.1,31.75,,100,2024-01-31 05:54:13,2024-01-31 18:17:27,25200,106.8461,-6.3594,Southwest,Wind Direction: Southwest
2024-01-31 16:10:04 WIB,Pasir Gunung Selatan,-6.3594,106.8461,29.96,Rain,moderate rain,10d,28.79,30.82,63,33.37,1011,6000,280,,2.57,33.27,,40,2024-01-31 05:54:13,2024-01-31 18:17:27,25200,106.8461,-6.3594,West,Wind Direction: West
2024-01-31 15:12:54 WIB,Pasir Gunung Selatan,-6.3594,106.8461,30.42,Haze,haze,50d,29.71,31.38,62,34.10,1011,5000,320,,2.57,0,,40,2024-01-31 05:54:13,2024-01-31 18:17:27,25200,106.8461,-6.3594,Northwest,Wind Direction: Northwest
2024-01-31 14:10:25 WIB,Pasir Gunung Selatan,-6.3594,106.8461,31.19,Clouds,overcast clouds,04d,29.40,32.49,54,33.80,1012,10000,320,3.75,2.49,0,,100,2024-01-31 05:54:13,2024-01-31 18:17:27,25200,106.8461,-6.3594,Northwest,Wind Direction: Northwest
2024-01-31 13:13:33 WIB,Pasir Gunung Selatan,-6.3594,106.8461,29.08,Haze,haze,50d,28.71,30.52,74,33.69,1012,5000,330,,4.12,0,,40,2024-01-31 05:54:13,2024-01-31 18:17:27,25200,106.8461,-6.3594,North-Northwest,Wind Direction: North-Northwest
2024-01-31 12:11:04 WIB,Pasir Gunung Selatan,-6.3594,106.8461,29.04,Haze,haze,50d,28.63,30.52,74,33.59,1014,5000,240,,4.12,8.38,,40,2024-01-31 05:54:13,2024-01-31 18:17:27,25200,106.8461,-6.3594,West-Southwest,Wind Direction: West-Southwest
2024-01-31 11:12:26 WIB,Pasir Gunung Selatan,-6.3594,106.8461,29.31,Haze,haze,50d,28.71,30.90,79,35.38,1014,5000,270,,2.57,0,,40,2024-01-31 05:54:11,2024-01-31 18:17:26,25200,106.8524,-6.3644,West,Wind Direction: West
2024-01-31 10:11:11 WIB,Pasir Gunung Selatan,-6.3594,106.8461,27.75,Haze,haze,50d,26.71,30.90,94,33.61,1014,5000,240,,2.57,0,,40,2024-01-31 05:54:13,2024-01-31 18:17:27,25200,106.8461,-6.3594,West-Southwest,Wind Direction: West-Southwest
2024-01-31 09:16:54 WIB,Pasir Gunung Selatan,-6.3594,106.8461,27.58,Haze,haze,50d,26.28,30.34,94,33.04,1014,5000,210,,2.06,0,,40,2024-01-31 05:54:13,2024-01-31 18:17:27,25200,106.8461,-6.3594,South-Southwest,Wind Direction: South-Southwest
2024-01-31 08:43:20 WIB,Pasir Gunung Selatan,-6.3594,106.8461,27.62,Haze,haze,50d,25.71,29.95,88,32.27,1014,5000,210,,1.54,0,,40,2024-01-31 05:54:13,2024-01-31 18:17:27,25200,106.8461,-6.3594,South-Southwest,Wind Direction: South-Southwest
2024-01-31 07:48:08 WIB,Pasir Gunung Selatan,-6.3594,106.8461,26.20,Rain,light rain,10d,24.71,29.23,96,26.20,1014,4000,220,,2.57,3.30,,40,2024-01-31 05:54:13,2024-01-31 18:17:27,25200,106.8461,-6.3594,Southwest,Wind Direction: Southwest
2024-01-31 06:12:06 WIB,Pasir Gunung Selatan,-6.3594,106.8461,24.92,Thunderstorm,thunderstorm with light rain,11d,24.61,27.73,96,25.97,1013,3000,40,,2.06,4.82,,40,2024-01-31 05:54:13,2024-01-31 18:17:27,25200,106.8461,-6.3594,Northeast,Wind Direction: Northeast
2024-01-31 05:09:31 WIB,Pasir Gunung Selatan,-6.3594,106.8461,25.13,Rain,light rain,10n,24.61,27.74,96,26.21,1012,2500,30,,1.54,5.33,,75,2024-01-31 05:54:13,2024-01-31 18:17:27,25200,106.8461,-6.3594,North-Northeast,Wind Direction: North-Northeast
2024-01-31 04:11:10 WIB,Pasir Gunung Selatan,-6.3594,106.8461,25.86,Rain,light rain,10n,25.17,28.28,99,27.09,1011,10000,118,1.76,0.66,15.24,,100,2024-01-31 05:54:13,2024-01-31 18:17:27,25200,106.8461,-6.3594,East-Southeast,Wind Direction: East-Southeast
2024-01-31 03:10:24 WIB,Pasir Gunung Selatan,-6.3594,106.8461,25.85,Rain,light rain,10n,24.61,28.28,99,27.08,1011,10000,41,1.75,0.32,9.90,,100,2024-01-31 05:54:13,2024-01-31 18:17:27,25200,106.8461,-6.3594,Northeast,Wind Direction: Northeast
2024-01-31 02:08:42 WIB,Pasir Gunung Selatan,-6.3594,106.8461,26.01,Rain,moderate rain,10n,25.17,28.28,98,26.01,1012,10000,300,1.73,0.5,31.49,,100,2024-01-31 05:54:13,2024-01-31 18:17:27,25200,106.8461,-6.3594,West-Northwest,Wind Direction: West-Northwest
2024-01-31 01:13:15 WIB,Pasir Gunung Selatan,-6.3594,106.8461,26.01,Rain,moderate rain,10n,25.17,28.28,97,26.01,1012,10000,266,2.53,1.51,33.27,,98,2024-01-31 05:54:13,2024-01-31 18:17:27,25200,106.8461,-6.3594,West,Wind Direction: West
2024-01-31 00:10:16 WIB,Pasir Gunung Selatan,-6.3594,106.8461,26.77,Rain,light rain,10n,25.17,28.79,96,30.64,1013,10000,272,2.69,1.58,3.30,,98,2024-01-31 05:54:13,2024-01-31 18:17:27,25200,106.8461,-6.3594,West,Wind Direction: West
2024-01-30 23:12:53 WIB,Pasir Gunung Selatan,-6.3594,106.8461,27.14,Mist,mist,50n,25.17,29.23,89,31.02,1013,5000,0,,0,27.43,,40,2024-01-30 05:53:53,2024-01-30 18:17:25,25200,106.8461,-6.3594,North,Wind Direction: North
2024-01-30 22:10:44 WIB,Pasir Gunung Selatan,-6.3594,106.8461,27.90,Haze,haze,50n,25.17,28.84,81,32.00,1013,5000,10,,1.54,0,,40,2024-01-30 05:53:53,2024-01-30 18:17:25,25200,106.8461,-6.3594,North,Wind Direction: North
2024-01-30 21:09:42 WIB,Pasir Gunung Selatan,-6.3594,106.8461,27.84,Haze,haze,50n,27.39,28.04,80,31.70,1013,5000,360,,1.54,0,,40,2024-01-30 05:53:53,2024-01-30 18:17:25,25200,106.8461,-6.3594,North,Wind Direction: North
2024-01-30 20:11:14 WIB,Pasir Gunung Selatan,-6.3594,106.8461,27.84,Rain,moderate rain,10n,27.39,28.04,80,31.70,1012,6000,30,,1.54,29.46,,20,2024-01-30 05:53:53,2024-01-30 18:17:25,25200,106.8461,-6.3594,North-Northeast,Wind Direction: North-Northeast
2024-01-30 19:18:06 WIB,Pasir Gunung Selatan,-6.3594,106.8461,28.67,Rain,light rain,10n,27.39,28.71,74,32.71,1011,6000,360,,2.06,12.70,,20,2024-01-30 05:53:53,2024-01-30 18:17:25,25200,106.8461,-6.3594,North,Wind Direction: North
2024-01-30 18:09:36 WIB,Pasir Gunung Selatan,-6.3594,106.8461,29.35,Clouds,few clouds,02d,27.68,29.71,70,33.51,1010,6000,330,,3.6,0,,20,2024-01-30 05:53:53,2024-01-30 18:17:25,25200,106.8461,-6.3594,North-Northwest,Wind Direction: North-Northwest
2024-01-30 17:11:40 WIB,Pasir Gunung Selatan,-6.3594,106.8461,29.35,Clouds,scattered clouds,03d,27.68,29.71,66,32.72,1010,6000,300,,1.54,0,,40,2024-01-30 05:53:53,2024-01-30 18:17:25,25200,106.8461,-6.3594,West-Northwest,Wind Direction: West-Northwest
2024-01-30 16:11:20 WIB,Pasir Gunung Selatan,-6.3594,106.8461,30.51,Clouds,scattered clouds,03d,28.63,31.62,66,35.26,1009,6000,300,,3.6,0,,40,2024-01-30 05:53:53,2024-01-30 18:17:25,25200,106.8461,-6.3594,West-Northwest,Wind Direction: West-Northwest
2024-01-30 15:12:56 WIB,Pasir Gunung Selatan,-6.3594,106.8461,30.48,Rain,moderate rain,10d,28.50,31.93,66,35.19,1010,6000,320,,3.09,40.13,,40,2024-01-30 05:53:53,2024-01-30 18:17:25,25200,106.8461,-6.3594,Northwest,Wind Direction: Northwest
2024-01-30 14:10:22 WIB,Pasir Gunung Selatan,-6.3594,106.8461,29.24,Haze,haze,50d,27.68,31.93,74,34.08,1011,5000,20,,1.54,0,,40,2024-01-30 05:53:53,2024-01-30 18:17:25,25200,106.8461,-6.3594,North-Northeast,Wind Direction: North-Northeast
2024-01-30 13:14:24 WIB,Pasir Gunung Selatan,-6.3594,106.8461,28.95,Clouds,broken clouds,04d,27.71,30.82,75,33.57,1012,5000,330,,3.09,0,,75,2024-01-30 05:53:53,2024-01-30 18:17:25,25200,106.8461,-6.3594,North-Northwest,Wind Direction: North-Northwest
2024-01-30 12:10:11 WIB,Pasir Gunung Selatan,-6.3594,106.8461,29.45,Haze,haze,50d,27.39,30.90,77,35.30,1013,5000,360,,3.09,0,,40,2024-01-30 05:53:53,2024-01-30 18:17:25,25200,106.8461,-6.3594,North,Wind Direction: North
2024-01-30 11:11:57 WIB,Pasir Gunung Selatan,-6.3594,106.8461,27.92,Clouds,scattered clouds,03d,25.71,30.90,87,32.99,1014,5000,260,,1.03,0,,40,2024-01-30 05:53:53,2024-01-30 18:17:25,25200,106.8461,-6.3594,West,Wind Direction: West
2024-01-30 10:10:54 WIB,Pasir Gunung Selatan,-6.3594,106.8461,26.82,Clouds,broken clouds,04d,24.71,31.01,96,30.80,1014,2500,0,,0,0,,75,2024-01-30 05:53:53,2024-01-30 18:17:25,25200,106.8461,-6.3594,North,Wind Direction: North
2024-01-30 09:16:29 WIB,Pasir Gunung Selatan,-6.3594,106.8461,26.26,Rain,light rain,10d,24.61,30.34,96,26.26,1014,4000,0,,0,5.33,,75,2024-01-30 05:53:53,2024-01-30 18:17:25,25200,106.8461,-6.3594,North,Wind Direction: North
2024-01-30 08:42:47 WIB,Pasir Gunung Selatan,-6.3594,106.8461,27.32,Clouds,scattered clouds,03d,24.61,31.01,89,31.54,1014,5000,270,,1.54,0,,40,2024-01-30 05:53:53,2024-01-30 18:17:25,25200,106.8461,-6.3594,West,Wind Direction: West
2024-01-30 07:47:43 WIB,Pasir Gunung Selatan,-6.3594,106.8461,25.91,Rain,light rain,10d,24.61,28.29,93,26.98,1013,5000,240,,2.57,2.79,,40,2024-01-30 05:53:53,2024-01-30 18:17:25,25200,106.8461,-6.3594,West-Southwest,Wind Direction: West-Southwest
2024-01-30 06:11:07 WIB,Pasir Gunung Selatan,-6.3594,106.8461,24.51,Thunderstorm,thunderstorm,11d,23.50,24.71,95,25.50,1012,3000,0,,0,42.92,,40,2024-01-30 05:53:53,2024-01-30 18:17:25,25200,106.8461,-6.3594,North,Wind Direction: North
2024-01-30 05:09:57 WIB,Pasir Gunung Selatan,-6.3594,106.8461,25.12,Mist,mist,50n,24.71,25.82,97,26.22,1011,3000,0,,0,0,,40,2024-01-30 05:53:53,2024-01-30 18:17:25,25200,106.8461,-6.3594,North,Wind Direction: North
2024-01-30 04:09:02 WIB,Pasir Gunung Selatan,-6.3594,106.8461,26.38,Clouds,overcast clouds,04n,25.17,26.38,92,26.38,1011,10000,303,2,0.59,0,,85,2024-01-30 05:53:53,2024-01-30 18:17:25,25200,106.8461,-6.3594,West-Northwest,Wind Direction: West-Northwest
2024-01-30 03:11:15 WIB,Pasir Gunung Selatan,-6.3594,106.8461,26.63,Rain,light rain,10n,25.17,27.18,93,26.63,1011,10000,297,1.85,0.68,24.13,,83,2024-01-30 05:53:53,2024-01-30 18:17:25,25200,106.8461,-6.3594,West-Northwest,Wind Direction: West-Northwest
2024-01-30 02:07:54 WIB,Pasir Gunung Selatan,-6.3594,106.8461,27.35,Rain,moderate rain,10n,26.28,28.29,90,31.75,1012,10000,294,1.61,0.39,25.90,,84,2024-01-30 05:53:53,2024-01-30 18:17:25,25200,106.8461,-6.3594,West-Northwest,Wind Direction: West-Northwest
2024-01-30 01:12:50 WIB,Pasir Gunung Selatan,-6.3594,106.8461,26.93,Clouds,overcast clouds,04n,26.28,26.93,89,30.44,1012,10000,255,1.54,0.33,0,,100,2024-01-30 05:53:53,2024-01-30 18:17:25,25200,106.8461,-6.3594,West-Southwest,Wind Direction: West-Southwest
2024-01-30 00:10:40 WIB,Pasir Gunung Selatan,-6.3594,106.8461,27.78,Rain,moderate rain,10n,26.28,28.85,89,32.90,1013,7722,337,1.71,0.74,46.73,,100,2024-01-30 05:53:53,2024-01-30 18:17:25,25200,106.8461,-6.3594,North-Northwest,Wind Direction: North-Northwest
2024-01-29 23:12:05 WIB,Pasir Gunung Selatan,-6.3594,106.8461,26.54,Clouds,overcast clouds,04n,25.71,28.85,90,26.54,1013,7000,0,,0,0,,100,2024-01-29 05:53:34,2024-01-29 18:17:22,25200,106.8461,-6.3594,North,Wind Direction: North
2024-01-29 22:10:11 WIB,Pasir Gunung Selatan,-6.3594,106.8461,26.37,Clouds,overcast clouds,04n,25.71,27.49,88,26.37,1013,7000,180,,1.54,0,,100,2024-01-29 05:53:34,2024-01-29 18:17:22,25200,106.8461,-6.3594,South,Wind Direction: South
2024-01-29 21:09:48 WIB,Pasir Gunung Selatan,-6.3594,106.8461,27.49,Clouds,overcast clouds,04n,26.28,27.49,78,30.62,1013,4888,301,2.42,1.64,0,,100,2024-01-29 05:53:34,2024-01-29 18:17:22,25200,106.8461,-6.3594,West-Northwest,Wind Direction: West-Northwest
2024-01-29 20:11:07 WIB,Pasir Gunung Selatan,-6.3594,106.8461,27.26,Clouds,few clouds,02n,26.71,28.04,84,30.77,1012,7000,10,,1.54,0,,20,2024-01-29 05:53:34,2024-01-29 18:17:22,25200,106.8461,-6.3594,North,Wind Direction: North
2024-01-29 19:18:48 WIB,Pasir Gunung Selatan,-6.3594,106.8461,27.59,Rain,light rain,10n,26.71,29.96,82,31.36,1011,7000,0,,0,17.52,,40,2024-01-29 05:53:34,2024-01-29 18:17:22,25200,106.8461,-6.3594,North,Wind Direction: North
2024-01-29 18:09:18 WIB,Pasir Gunung Selatan,-6.3594,106.8461,28.82,Clouds,scattered clouds,03d,27.71,31.01,75,33.25,1010,7000,320,,1.03,0,,40,2024-01-29 05:53:34,2024-01-29 18:17:22,25200,106.8461,-6.3594,Northwest,Wind Direction: Northwest
2024-01-29 17:11:15 WIB,Pasir Gunung Selatan,-6.3594,106.8461,29.92,Clouds,scattered clouds,03d,28.50,32.01,72,35.33,1010,6000,0,,0,0,,40,2024-01-29 05:53:34,2024-01-29 18:17:22,25200,106.8461,-6.3594,North,Wind Direction: North
2024-01-29 16:11:09 WIB,Pasir Gunung Selatan,-6.3594,106.8461,31.00,Clouds,overcast clouds,04d,28.50,32.01,60,34.85,1009,10000,325,3.96,2.93,0,,86,2024-01-29 05:53:34,2024-01-29 18:17:22,25200,106.8461,-6.3594,Northwest,Wind Direction: Northwest
2024-01-29 15:15:48 WIB,Pasir Gunung Selatan,-6.3594,106.8461,30.94,Clouds,scattered clouds,03d,28.50,34.15,70,37.44,1011,6000,0,,0,0,,40,2024-01-29 05:53:34,2024-01-29 18:17:22,25200,106.8461,-6.3594,North,Wind Direction: North
2024-01-29 15:13:12 WIB,Pasir Gunung Selatan,-6.3594,106.8461,29.35,Clouds,scattered clouds,03d,28.50,31.46,84,36.35,1011,6000,0,,0,0,,40,2024-01-29 05:53:34,2024-01-29 18:17:22,25200,106.8461,-6.3594,North,Wind Direction: North
2024-01-29 14:10:11 WIB,Pasir Gunung Selatan,-6.3594,106.8461,28.63,Haze,haze,50d,27.71,31.46,89,35.59,1012,5000,0,,0,6.09,,40,2024-01-29 05:53:34,2024-01-29 18:17:22,25200,106.8461,-6.3594,North,Wind Direction: North
2024-01-29 14:06:07 WIB,Pasir Gunung Selatan,-6.3594,106.8461,28.87,Haze,haze,50d,27.71,31.46,89,35.87,1012,5000,0,,0,8.12,,40,2024-01-29 05:53:32,2024-01-29 18:17:20,25200,106.8527,-6.3588,North,Wind Direction: North
2024-01-29 13:13:34 WIB,Pasir Gunung Selatan,-6.3594,106.8461,28.54,Haze,haze,50d,25.71,31.93,83,34.07,1013,4000,70,,2.06,92.71,,75,2024-01-29 05:53:34,2024-01-29 18:17:22,25200,106.8461,-6.3594,East-Northeast,Wind Direction: East-Northeast
2024-01-29 12:11:18 WIB,Pasir Gunung Selatan,-6.3594,106.8461,27.65,Rain,moderate rain,10d,25.71,31.06,88,32.36,1014,2000,340,,2.06,17.52,,75,2024-01-29 05:53:32,2024-01-29 18:17:20,25200,106.8524,-6.3644,North-Northwest,Wind Direction: North-Northwest
2024-01-29 11:12:34 WIB,Pasir Gunung Selatan,-6.3594,106.8461,27.49,Rain,light rain,10d,26.71,29.95,89,32.03,1014,5000,290,,1.54,11.17,,75,2024-01-29 05:53:34,2024-01-29 18:17:22,25200,106.8461,-6.3594,West-Northwest,Wind Direction: West-Northwest
2024-01-29 10:10:39 WIB,Pasir Gunung Selatan,-6.3594,106.8461,26.73,Clouds,scattered clouds,03d,25.71,29.39,89,29.89,1014,5000,260,,1.54,0,,40,2024-01-29 05:53:34,2024-01-29 18:17:22,25200,106.8461,-6.3594,West,Wind Direction: West
2024-01-29 09:16:42 WIB,Pasir Gunung Selatan,-6.3594,106.8461,26.59,Haze,haze,50d,24.71,30.90,96,26.59,1015,4000,0,,0,5.58,,75,2024-01-29 05:53:34,2024-01-29 18:17:22,25200,106.8461,-6.3594,North,Wind Direction: North
2024-01-29 08:43:21 WIB,Pasir Gunung Selatan,-6.3594,106.8461,26.23,Haze,haze,50d,24.63,30.90,94,26.23,1014,5000,0,,0,3.81,,40,2024-01-29 05:53:34,2024-01-29 18:17:22,25200,106.8461,-6.3594,North,Wind Direction: North
2024-01-29 07:48:38 WIB,Pasir Gunung Selatan,-6.3594,106.8461,26.23,Haze,haze,50d,24.61,30.34,94,26.23,1013,4000,30,,1.54,0,,40,2024-01-29 05:53:34,2024-01-29 18:17:22,25200,106.8461,-6.3594,North-Northeast,Wind Direction: North-Northeast
2024-01-29 06:11:16 WIB,Pasir Gunung Selatan,-6.3594,106.8461,24.88,Mist,mist,50d,24.71,27.17,96,25.93,1012,4000,0,,0,0,,40,2024-01-29 05:53:34,2024-01-29 18:17:22,25200,106.8461,-6.3594,North,Wind Direction: North
2024-01-29 05:09:26 WIB,Pasir Gunung Selatan,-6.3594,106.8461,25.83,Clouds,broken clouds,04n,24.61,27.74,99,27.05,1012,10000,227,1.83,1.19,0,,61,2024-01-29 05:53:34,2024-01-29 18:17:22,25200,106.8461,-6.3594,Southwest,Wind Direction: Southwest
2024-01-29 04:11:01 WIB,Pasir Gunung Selatan,-6.3594,106.8461,25.64,Rain,light rain,10n,24.61,27.74,99,26.84,1012,10000,231,1.45,1.01,5.84,,57,2024-01-29 05:53:34,2024-01-29 18:17:22,25200,106.8461,-6.3594,Southwest,Wind Direction: Southwest
2024-01-29 03:10:00 WIB,Pasir Gunung Selatan,-6.3594,106.8461,25.81,Rain,light rain,10n,24.61,28.29,99,27.03,1011,10000,238,1.53,0.94,4.57,,57,2024-01-29 05:53:34,2024-01-29 18:17:22,25200,106.8461,-6.3594,West-Southwest,Wind Direction: West-Southwest
2024-01-29 02:07:29 WIB,Pasir Gunung Selatan,-6.3594,106.8461,24.72,Clouds,broken clouds,04n,24.71,25.63,98,25.81,1012,10000,253,1.64,1.07,0,,66,2024-01-29 05:53:34,2024-01-29 18:17:22,25200,106.8461,-6.3594,West-Southwest,Wind Direction: West-Southwest
2024-01-29 01:11:23 WIB,Pasir Gunung Selatan,-6.3594,106.8461,24.72,Rain,light rain,10n,24.71,25.63,98,25.81,1012,10000,299,1.6,1.09,4.82,,56,2024-01-29 05:53:34,2024-01-29 18:17:22,25200,106.8461,-6.3594,West-Northwest,Wind Direction: West-Northwest
2024-01-29 00:11:06 WIB,Pasir Gunung Selatan,-6.3594,106.8461,25.11,Clouds,scattered clouds,03n,23.71,28.79,100,26.29,1013,6000,0,,0,0,,40,2024-01-29 05:53:34,2024-01-29 18:17:22,25200,106.8461,-6.3594,North,Wind Direction: North
2024-01-28 23:11:26 WIB,Pasir Gunung Selatan,-6.3594,106.8461,24.99,Rain,light rain,10n,23.71,28.29,100,26.16,1013,6000,180,,1.54,4.06,,40,2024-01-28 05:53:13,2024-01-28 18:17:17,25200,106.8461,-6.3594,South,Wind Direction: South
2024-01-28 22:09:07 WIB,Pasir Gunung Selatan,-6.3594,106.8461,26.18,Haze,haze,50n,24.71,29.40,94,26.18,1013,5000,0,,0,33.02,,40,2024-01-28 05:53:13,2024-01-28 18:17:17,25200,106.8461,-6.3594,North,Wind Direction: North
2024-01-28 21:08:30 WIB,Pasir Gunung Selatan,-6.3594,106.8461,25.21,Thunderstorm,thunderstorm with light rain,11n,23.71,29.40,100,26.40,1013,5000,0,,0,16.51,,75,2024-01-28 05:53:13,2024-01-28 18:17:17,25200,106.8461,-6.3594,North,Wind Direction: North
2024-01-28 20:12:03 WIB,Pasir Gunung Selatan,-6.3594,106.8461,26.86,Haze,haze,50n,24.63,29.40,94,30.73,1012,5000,180,,2.06,0,,40,2024-01-28 05:53:13,2024-01-28 18:17:17,25200,106.8461,-6.3594,South,Wind Direction: South
2024-01-28 19:16:40 WIB,Pasir Gunung Selatan,-6.3594,106.8461,27.42,Haze,haze,50n,26.28,29.40,83,31.06,1011,5000,0,,0,20.82,,40,2024-01-28 05:53:13,2024-01-28 18:17:17,25200,106.8461,-6.3594,North,Wind Direction: North
2024-01-28 18:07:32 WIB,Pasir Gunung Selatan,-6.3594,106.8461,27.75,Haze,haze,50d,26.71,29.96,89,32.81,1011,5000,140,,1.54,0,,40,2024-01-28 05:53:13,2024-01-28 18:17:17,25200,106.8461,-6.3594,Southeast,Wind Direction: Southeast
2024-01-28 17:36:33 WIB,Pasir Gunung Selatan,-6.3594,106.8461,27.65,Haze,haze,50d,26.71,30.50,89,32.51,1010,5000,180,,1.54,0,,40,2024-01-28 05:53:13,2024-01-28 18:17:17,25200,106.8461,-6.3594,South,Wind Direction: South
2024-01-28 17:08:38 WIB,Pasir Gunung Selatan,-6.3594,106.8461,30.15,Clouds,broken clouds,04d,29.61,31.06,66,34.44,1010,10000,309,4.34,2.69,0,,81,2024-01-28 05:53:13,2024-01-28 18:17:17,25200,106.8461,-6.3594,Northwest,Wind Direction: Northwest
2024-01-28 16:10:03 WIB,Pasir Gunung Selatan,-6.3594,106.8461,29.25,Clouds,scattered clouds,03d,27.68,32.01,79,35.21,1010,6000,200,,3.6,0,,40,2024-01-28 05:53:13,2024-01-28 18:17:17,25200,106.8461,-6.3594,South-Southwest,Wind Direction: South-Southwest
2024-01-28 15:11:36 WIB,Pasir Gunung Selatan,-6.3594,106.8461,30.03,Clouds,scattered clouds,03d,29.71,31.46,74,36.12,1011,6000,300,,3.6,0,,40,2024-01-28 05:53:13,2024-01-28 18:17:17,25200,106.8461,-6.3594,West-Northwest,Wind Direction: West-Northwest
2024-01-28 14:09:20 WIB,Pasir Gunung Selatan,-6.3594,106.8461,29.69,Clouds,scattered clouds,03d,28.84,29.96,74,35.22,1012,6000,310,,3.6,0,,40,2024-01-28 05:53:13,2024-01-28 18:17:17,25200,106.8461,-6.3594,Northwest,Wind Direction: Northwest
2024-01-28 13:11:09 WIB,Pasir Gunung Selatan,-6.3594,106.8461,30.50,Haze,haze,50d,29.39,31.46,70,36.29,1012,5000,350,,2.57,18.28,,40,2024-01-28 05:53:13,2024-01-28 18:17:17,25200,106.8461,-6.3594,North,Wind Direction: North
2024-01-28 12:09:43 WIB,Pasir Gunung Selatan,-6.3594,106.8461,28.11,Clouds,scattered clouds,03d,26.71,32.01,89,33.92,1013,5000,330,,2.06,0,,40,2024-01-28 05:53:13,2024-01-28 18:17:17,25200,106.8461,-6.3594,North-Northwest,Wind Direction: North-Northwest
2024-01-28 11:11:50 WIB,Pasir Gunung Selatan,-6.3594,106.8461,26.95,Clouds,broken clouds,04d,25.71,32.17,94,31.01,1014,4000,50,,3.09,0,,75,2024-01-28 05:53:13,2024-01-28 18:17:17,25200,106.8461,-6.3594,Northeast,Wind Direction: Northeast
2024-01-28 10:09:23 WIB,Pasir Gunung Selatan,-6.3594,106.8461,28.83,Haze,haze,50d,27.39,32.12,83,34.91,1014,5000,300,,1.54,3.04,,40,2024-01-28 05:53:13,2024-01-28 18:17:17,25200,106.8461,-6.3594,West-Northwest,Wind Direction: West-Northwest
2024-01-28 09:17:25 WIB,Pasir Gunung Selatan,-6.3594,106.8461,28.11,Haze,haze,50d,27.39,29.95,83,32.87,1015,4000,240,,1.54,0,,40,2024-01-28 05:53:13,2024-01-28 18:17:17,25200,106.8461,-6.3594,West-Southwest,Wind Direction: West-Southwest
2024-01-28 08:47:28 WIB,Pasir Gunung Selatan,-6.3594,106.8461,28.16,Haze,haze,50d,26.28,30.50,83,33.01,1014,4000,190,,1.54,0,,40,2024-01-28 05:53:13,2024-01-28 18:17:17,25200,106.8461,-6.3594,South,Wind Direction: South
2024-01-28 07:45:48 WIB,Pasir Gunung Selatan,-6.3594,106.8461,26.63,Haze,haze,50d,25.71,28.84,94,26.63,1014,4000,0,,0,24.38,,40,2024-01-28 05:53:13,2024-01-28 18:17:17,25200,106.8461,-6.3594,North,Wind Direction: North
2024-01-28 06:09:42 WIB,Pasir Gunung Selatan,-6.3594,106.8461,25.63,Mist,mist,50d,24.61,28.29,94,26.70,1012,4000,0,,0,0,,40,2024-01-28 05:53:13,2024-01-28 18:17:17,25200,106.8461,-6.3594,North,Wind Direction: North
2024-01-28 05:08:52 WIB,Pasir Gunung Selatan,-6.3594,106.8461,27.72,Clouds,overcast clouds,04n,24.61,27.74,86,32.27,1012,10000,276,2.69,0.93,0,,98,2024-01-28 05:53:13,2024-01-28 18:17:17,25200,106.8461,-6.3594,West,Wind Direction: West
2024-01-28 04:07:40 WIB,Pasir Gunung Selatan,-6.3594,106.8461,28.26,Clouds,overcast clouds,04n,24.61,28.29,86,33.82,1012,10000,290,2.75,1.06,0,,98,2024-01-28 05:53:13,2024-01-28 18:17:17,25200,106.8461,-6.3594,West-Northwest,Wind Direction: West-Northwest
2024-01-28 03:08:27 WIB,Pasir Gunung Selatan,-6.3594,106.8461,24.63,Rain,moderate rain,10n,24.61,24.63,86,25.39,1012,10000,279,3.15,1.56,25.90,,96,2024-01-28 05:53:13,2024-01-28 18:17:17,25200,106.8461,-6.3594,West,Wind Direction: West
2024-01-28 02:07:53 WIB,Pasir Gunung Selatan,-6.3594,106.8461,27.65,Clouds,overcast clouds,04n,24.61,27.68,86,32.07,1012,6572,290,3.12,1.74,0,,100,2024-01-28 05:53:13,2024-01-28 18:17:17,25200,106.8461,-6.3594,West-Northwest,Wind Direction: West-Northwest
2024-01-28 01:10:12 WIB,Pasir Gunung Selatan,-6.3594,106.8461,28.81,Rain,moderate rain,10n,24.61,28.85,85,35.28,1013,6110,283,2.64,1.35,30.73,,88,2024-01-28 05:53:13,2024-01-28 18:17:17,25200,106.8461,-6.3594,West-Northwest,Wind Direction: West-Northwest
2024-01-28 00:10:20 WIB,Pasir Gunung Selatan,-6.3594,106.8461,26.35,Rain,moderate rain,10n,24.61,28.85,89,26.35,1013,7000,240,,1.54,52.57,,40,2024-01-28 05:53:13,2024-01-28 18:17:17,25200,106.8461,-6.3594,West-Southwest,Wind Direction: West-Southwest
2024-01-27 23:10:33 WIB,Pasir Gunung Selatan,-6.3594,106.8461,25.71,Clouds,scattered clouds,03n,24.61,25.71,94,26.79,1014,7000,210,,1.54,0,,40,2024-01-27 05:52:52,2024-01-27 18:17:12,25200,106.8461,-6.3594,South-Southwest,Wind Direction: South-Southwest
2024-01-27 22:08:02 WIB,Pasir Gunung Selatan,-6.3594,106.8461,26.64,Clouds,scattered clouds,03n,24.61,29.40,89,26.64,1013,7000,0,,0,0,,40,2024-01-27 05:52:52,2024-01-27 18:17:12,25200,106.8461,-6.3594,North,Wind Direction: North
2024-01-27 21:08:14 WIB,Pasir Gunung Selatan,-6.3594,106.8461,26.46,Clouds,scattered clouds,03n,25.17,29.40,89,26.46,1013,7000,0,,0,0,,40,2024-01-27 05:52:52,2024-01-27 18:17:12,25200,106.8461,-6.3594,North,Wind Direction: North
2024-01-27 20:08:51 WIB,Pasir Gunung Selatan,-6.3594,106.8461,26.79,Clouds,scattered clouds,03n,25.17,29.40,89,30.05,1012,7000,280,,1.54,0,,40,2024-01-27 05:52:50,2024-01-27 18:17:11,25200,106.8524,-6.3644,West,Wind Direction: West
2024-01-27 19:14:27 WIB,Pasir Gunung Selatan,-6.3594,106.8461,27.22,Clouds,scattered clouds,03n,25.63,29.40,83,30.56,1011,7000,200,,2.57,0,,40,2024-01-27 05:52:52,2024-01-27 18:17:12,25200,106.8461,-6.3594,South-Southwest,Wind Direction: South-Southwest
2024-01-27 18:07:16 WIB,Pasir Gunung Selatan,-6.3594,106.8461,28.49,Rain,light rain,10d,26.28,31.01,78,32.99,1011,7000,280,,2.57,22.09,,40,2024-01-27 05:52:52,2024-01-27 18:17:12,25200,106.8461,-6.3594,West,Wind Direction: West
2024-01-27 17:09:30 WIB,Pasir Gunung Selatan,-6.3594,106.8461,28.60,Clouds,scattered clouds,03d,26.28,31.46,83,34.24,1010,7000,240,,3.09,0,,40,2024-01-27 05:52:50,2024-01-27 18:17:11,25200,106.8524,-6.3644,West-Southwest,Wind Direction: West-Southwest
2024-01-27 16:08:03 WIB,Pasir Gunung Selatan,-6.3594,106.8461,29.02,Rain,moderate rain,10d,26.63,32.68,83,35.47,1010,7000,240,,3.09,28.19,,40,2024-01-27 05:52:52,2024-01-27 18:17:12,25200,106.8461,-6.3594,West-Southwest,Wind Direction: West-Southwest
2024-01-27 15:11:05 WIB,Pasir Gunung Selatan,-6.3594,106.8461,26.94,Haze,haze,50d,24.71,31.46,100,31.62,1011,5000,220,,2.57,0,,75,2024-01-27 05:52:52,2024-01-27 18:17:12,25200,106.8461,-6.3594,Southwest,Wind Direction: Southwest
2024-01-27 14:08:46 WIB,Pasir Gunung Selatan,-6.3594,106.8461,27.18,Clouds,broken clouds,04d,24.71,32.68,100,32.49,1012,4000,190,,1.54,0,,75,2024-01-27 05:52:52,2024-01-27 18:17:12,25200,106.8461,-6.3594,South,Wind Direction: South
2024-01-27 13:10:41 WIB,Pasir Gunung Selatan,-6.3594,106.8461,26.83,Clouds,broken clouds,04d,24.63,31.46,100,31.23,1013,2500,300,,1.54,0,,75,2024-01-27 05:52:50,2024-01-27 18:17:11,25200,106.8524,-6.3644,West-Northwest,Wind Direction: West-Northwest
2024-01-27 12:08:34 WIB,Pasir Gunung Selatan,-6.3594,106.8461,27.70,Rain,light rain,10d,24.63,32.01,94,33.44,1014,3000,240,,2.57,6.09,,75,2024-01-27 05:52:52,2024-01-27 18:17:12,25200,106.8461,-6.3594,West-Southwest,Wind Direction: West-Southwest
2024-01-27 11:10:34 WIB,Pasir Gunung Selatan,-6.3594,106.8461,27.14,Rain,light rain,10d,22.63,30.90,94,31.61,1014,2000,330,,2.57,10.66,,75,2024-01-27 05:52:52,2024-01-27 18:17:12,25200,106.8461,-6.3594,North-Northwest,Wind Direction: North-Northwest
2024-01-27 10:09:38 WIB,Pasir Gunung Selatan,-6.3594,106.8461,28.22,Rain,light rain,10d,24.63,31.01,89,34.26,1014,6000,20,,2.57,14.73,,75,2024-01-27 05:52:50,2024-01-27 18:17:11,25200,106.8524,-6.3644,North-Northeast,Wind Direction: North-Northeast
2024-01-27 09:13:34 WIB,Pasir Gunung Selatan,-6.3594,106.8461,28.01,Rain,moderate rain,10d,24.63,31.46,89,33.60,1014,6000,330,,1.03,6.85,,75,2024-01-27 05:52:52,2024-01-27 18:17:12,25200,106.8461,-6.3594,North-Northwest,Wind Direction: North-Northwest
2024-01-27 08:40:08 WIB,Pasir Gunung Selatan,-6.3594,106.8461,27.05,Rain,moderate rain,10d,24.63,31.46,94,31.32,1014,6000,200,,1.54,0,,75,2024-01-27 05:52:52,2024-01-27 18:17:12,25200,106.8461,-6.3594,South-Southwest,Wind Direction: South-Southwest
2024-01-27 07:42:47 WIB,Pasir Gunung Selatan,-6.3594,106.8461,26.25,Mist,mist,50d,24.61,29.96,94,26.25,1013,5000,170,,2.06,20.32,,75,2024-01-27 05:52:51,2024-01-27 18:17:11,25200,106.8523,-6.3604,South,Wind Direction: South
2024-01-27 06:09:46 WIB,Pasir Gunung Selatan,-6.3594,106.8461,23.72,Thunderstorm,thunderstorm with light rain,11d,23.71,24.63,100,24.76,1012,5000,230,,1.03,6.09,,75,2024-01-27 05:52:52,2024-01-27 18:17:12,25200,106.8461,-6.3594,Southwest,Wind Direction: Southwest
2024-01-27 05:09:09 WIB,Pasir Gunung Selatan,-6.3594,106.8461,24.63,Rain,light rain,10n,24.61,24.63,83,25.32,1012,10000,238,2.23,1.36,7.87,,71,2024-01-27 05:52:52,2024-01-27 18:17:12,25200,106.8461,-6.3594,West-Southwest,Wind Direction: West-Southwest
2024-01-27 04:08:58 WIB,Pasir Gunung Selatan,-6.3594,106.8461,25.63,Clouds,broken clouds,04n,25.17,25.63,83,26.42,1012,10000,257,2.65,1.5,0,,75,2024-01-27 05:52:52,2024-01-27 18:17:12,25200,106.8461,-6.3594,West-Southwest,Wind Direction: West-Southwest
2024-01-27 03:09:42 WIB,Pasir Gunung Selatan,-6.3594,106.8461,25.63,Rain,moderate rain,10n,25.17,25.63,82,26.39,1012,10000,266,2.56,1.38,29.21,,77,2024-01-27 05:52:52,2024-01-27 18:17:12,25200,106.8461,-6.3594,West,Wind Direction: West
2024-01-27 02:07:20 WIB,Pasir Gunung Selatan,-6.3594,106.8461,24.63,Rain,light rain,10n,24.61,24.63,82,25.29,1012,10000,287,2.87,1.66,8.63,,91,2024-01-27 05:52:52,2024-01-27 18:17:12,25200,106.8461,-6.3594,West-Northwest,Wind Direction: West-Northwest
2024-01-27 01:11:44 WIB,Pasir Gunung Selatan,-6.3594,106.8461,26.63,Clouds,overcast clouds,04n,26.63,27.39,81,26.63,1013,10000,307,2.65,1.64,0,,97,2024-01-27 05:52:52,2024-01-27 18:17:12,25200,106.8461,-6.3594,Northwest,Wind Direction: Northwest
2024-01-27 00:08:20 WIB,Pasir Gunung Selatan,-6.3594,106.8461,27.63,Clouds,overcast clouds,04n,27.39,27.63,82,31.46,1013,10000,299,2.54,1.55,0,,99,2024-01-27 05:52:52,2024-01-27 18:17:12,25200,106.8461,-6.3594,West-Northwest,Wind Direction: West-Northwest
2024-01-26 23:11:42 WIB,Pasir Gunung Selatan,-6.3594,106.8461,28.73,Rain,moderate rain,10n,27.39,28.79,79,33.80,1014,8000,10,,1.54,27.68,,20,2024-01-26 05:52:30,2024-01-26 18:17:06,25200,106.8461,-6.3594,North,Wind Direction: North
2024-01-26 22:09:41 WIB,Pasir Gunung Selatan,-6.3594,106.8461,28.71,Rain,light rain,10n,27.39,28.71,79,33.75,1014,8000,350,,1.54,22.35,,20,2024-01-26 05:52:30,2024-01-26 18:17:06,25200,106.8461,-6.3594,North,Wind Direction: North
2024-01-26 21:08:57 WIB,Pasir Gunung Selatan,-6.3594,106.8461,28.71,Clouds,few clouds,02n,28.50,28.71,74,32.81,1013,6000,0,,0,0,,20,2024-01-26 05:52:30,2024-01-26 18:17:06,25200,106.8461,-6.3594,North,Wind Direction: North
2024-01-26 20:09:46 WIB,Pasir Gunung Selatan,-6.3594,106.8461,28.93,Rain,light rain,10n,28.50,29.90,74,33.33,1012,6000,330,,2.57,2.79,,20,2024-01-26 05:52:30,2024-01-26 18:17:06,25200,106.8461,-6.3594,North-Northwest,Wind Direction: North-Northwest
2024-01-26 19:16:22 WIB,Pasir Gunung Selatan,-6.3594,106.8461,28.71,Clouds,scattered clouds,03n,28.50,28.71,74,32.81,1012,6000,340,,2.06,0,,40,2024-01-26 05:52:30,2024-01-26 18:17:06,25200,106.8461,-6.3594,North-Northwest,Wind Direction: North-Northwest
2024-01-26 18:07:37 WIB,Pasir Gunung Selatan,-6.3594,106.8461,29.71,Clouds,scattered clouds,03d,29.61,29.71,66,33.47,1011,6000,340,,1.54,0,,40,2024-01-26 05:52:30,2024-01-26 18:17:06,25200,106.8461,-6.3594,North-Northwest,Wind Direction: North-Northwest
2024-01-26 17:09:58 WIB,Pasir Gunung Selatan,-6.3594,106.8461,31.07,Clouds,scattered clouds,03d,30.17,32.74,66,36.61,1010,6000,350,,5.14,0,,40,2024-01-26 05:52:30,2024-01-26 18:17:06,25200,106.8461,-6.3594,North,Wind Direction: North
2024-01-26 16:10:17 WIB,Pasir Gunung Selatan,-6.3594,106.8461,31.33,Rain,light rain,10d,30.17,32.68,66,37.26,1010,6000,300,,3.09,9.39,,40,2024-01-26 05:52:30,2024-01-26 18:17:06,25200,106.8461,-6.3594,West-Northwest,Wind Direction: West-Northwest
2024-01-26 15:11:51 WIB,Pasir Gunung Selatan,-6.3594,106.8461,31.27,Rain,moderate rain,10d,30.71,33.28,70,38.27,1010,6000,330,,5.14,3.04,,40,2024-01-26 05:52:30,2024-01-26 18:17:06,25200,106.8461,-6.3594,North-Northwest,Wind Direction: North-Northwest
2024-01-26 14:48:16 WIB,Pasir Gunung Selatan,-6.3594,106.8461,30.78,Clouds,scattered clouds,03d,28.79,32.74,70,37.01,1010,6000,330,,5.14,0,,40,2024-01-26 05:52:30,2024-01-26 18:17:06,25200,106.8461,-6.3594,North-Northwest,Wind Direction: North-Northwest
2024-01-26 14:08:33 WIB,Pasir Gunung Selatan,-6.3594,106.8461,32.35,Clouds,scattered clouds,03d,29.61,34.23,62,38.56,1011,6000,290,,2.57,0,,40,2024-01-26 05:52:30,2024-01-26 18:17:06,25200,106.8461,-6.3594,West-Northwest,Wind Direction: West-Northwest
2024-01-26 13:41:53 WIB,Pasir Gunung Selatan,-6.3594,106.8461,32.32,Rain,light rain,10d,30.63,34.95,58,37.21,1012,6000,250,,2.57,4.06,,40,2024-01-26 05:52:30,2024-01-26 18:17:06,25200,106.8461,-6.3594,West-Southwest,Wind Direction: West-Southwest
2024-01-26 13:27:05 WIB,Pasir Gunung Selatan,-6.3594,106.8461,32.39,Clouds,scattered clouds,03d,31.28,34.79,58,37.37,1012,6000,250,,2.57,0,,40,2024-01-26 05:52:30,2024-01-26 18:17:06,25200,106.8461,-6.3594,West-Southwest,Wind Direction: West-Southwest
2024-01-26 13:12:19 WIB,Pasir Gunung Selatan,-6.3594,106.8461,32.55,Haze,haze,50d,31.28,34.79,66,39.55,1012,5000,280,,2.57,0,,40,2024-01-26 05:52:30,2024-01-26 18:17:06,25200,106.8461,-6.3594,West,Wind Direction: West
2024-01-26 12:09:04 WIB,Pasir Gunung Selatan,-6.3594,106.8461,31.52,Haze,haze,50d,29.61,32.18,62,36.54,1013,5000,320,,2.57,0,,40,2024-01-26 05:52:30,2024-01-26 18:17:06,25200,106.8461,-6.3594,Northwest,Wind Direction: Northwest
2024-01-26 11:12:20 WIB,Pasir Gunung Selatan,-6.3594,106.8461,31.43,Haze,haze,50d,29.61,33.84,66,37.51,1014,5000,300,,2.06,0,,40,2024-01-26 05:52:30,2024-01-26 18:17:06,25200,106.8461,-6.3594,West-Northwest,Wind Direction: West-Northwest
2024-01-26 10:11:00 WIB,Pasir Gunung Selatan,-6.3594,106.8461,32.01,Haze,haze,50d,29.61,33.28,62,37.72,1015,5000,0,,0,0,,20,2024-01-26 05:52:30,2024-01-26 18:17:06,25200,106.8461,-6.3594,North,Wind Direction: North
2024-01-26 09:17:54 WIB,Pasir Gunung Selatan,-6.3594,106.8461,31.63,Clouds,scattered clouds,03d,28.50,32.17,64,37.40,1014,10000,8,0.85,0.33,0,,47,2024-01-26 05:52:30,2024-01-26 18:17:06,25200,106.8461,-6.3594,North,Wind Direction: North
2024-01-26 08:43:48 WIB,Pasir Gunung Selatan,-6.3594,106.8461,29.24,Haze,haze,50d,27.71,32.18,78,34.96,1015,5000,30,,1.54,0,,20,2024-01-26 05:52:30,2024-01-26 18:17:06,25200,106.8461,-6.3594,North-Northeast,Wind Direction: North-Northeast
2024-01-26 07:43:12 WIB,Pasir Gunung Selatan,-6.3594,106.8461,27.69,Haze,haze,50d,26.71,31.06,83,31.75,1014,5000,0,,0,0,,20,2024-01-26 05:52:30,2024-01-26 18:17:06,25200,106.8461,-6.3594,North,Wind Direction: North
2024-01-26 06:10:04 WIB,Pasir Gunung Selatan,-6.3594,106.8461,25.63,Clouds,overcast clouds,04d,25.17,25.63,79,26.31,1013,10000,168,1.24,1.02,0,,98,2024-01-26 05:52:30,2024-01-26 18:17:06,25200,106.8461,-6.3594,South-Southeast,Wind Direction: South-Southeast
2024-01-26 05:07:45 WIB,Pasir Gunung Selatan,-6.3594,106.8461,25.63,Clouds,overcast clouds,04n,25.17,25.63,78,26.29,1012,10000,195,1.37,0.91,0,,97,2024-01-26 05:52:30,2024-01-26 18:17:06,25200,106.8461,-6.3594,South-Southwest,Wind Direction: South-Southwest
2024-01-26 04:08:27 WIB,Pasir Gunung Selatan,-6.3594,106.8461,25.63,Clouds,overcast clouds,04n,25.17,25.63,78,26.29,1012,10000,169,1.36,0.95,0,,96,2024-01-26 05:52:30,2024-01-26 18:17:06,25200,106.8461,-6.3594,South,Wind Direction: South
2024-01-26 03:10:08 WIB,Pasir Gunung Selatan,-6.3594,106.8461,25.63,Clouds,overcast clouds,04n,25.17,25.63,77,26.26,1012,10000,182,1.63,1.12,0,,94,2024-01-26 05:52:30,2024-01-26 18:17:06,25200,106.8461,-6.3594,South,Wind Direction: South
2024-01-26 02:07:56 WIB,Pasir Gunung Selatan,-6.3594,106.8461,26.63,Clouds,overcast clouds,04n,26.28,26.63,76,26.63,1012,10000,195,1.95,1.36,0,,99,2024-01-26 05:52:30,2024-01-26 18:17:06,25200,106.8461,-6.3594,South-Southwest,Wind Direction: South-Southwest
2024-01-26 01:13:06 WIB,Pasir Gunung Selatan,-6.3594,106.8461,27.67,Rain,light rain,10n,26.28,27.68,76,30.77,1012,10000,224,2.72,1.71,3.55,,64,2024-01-26 05:52:30,2024-01-26 18:17:06,25200,106.8461,-6.3594,Southwest,Wind Direction: Southwest
2024-01-26 00:09:08 WIB,Pasir Gunung Selatan,-6.3594,106.8461,26.63,Clouds,broken clouds,04n,26.28,26.63,74,26.63,1013,10000,223,3.04,1.83,0,,60,2024-01-26 05:52:30,2024-01-26 18:17:06,25200,106.8461,-6.3594,Southwest,Wind Direction: Southwest
2024-01-25 23:13:03 WIB,Pasir Gunung Selatan,-6.3594,106.8461,27.63,Clouds,broken clouds,04n,27.39,27.63,73,30.32,1013,10000,222,3.62,2.15,0,,57,2024-01-25 05:52:08,2024-01-25 18:16:59,25200,106.8461,-6.3594,Southwest,Wind Direction: Southwest
2024-01-25 22:10:27 WIB,Pasir Gunung Selatan,-6.3594,106.8461,28.11,Clouds,scattered clouds,03n,27.39,29.90,78,32.06,1013,6000,230,,4.63,0,,40,2024-01-25 05:52:08,2024-01-25 18:16:59,25200,106.8461,-6.3594,Southwest,Wind Direction: Southwest
2024-01-25 21:09:39 WIB,Pasir Gunung Selatan,-6.3594,106.8461,28.71,Clouds,scattered clouds,03n,27.39,28.71,74,32.81,1013,6000,250,,6.17,0,,40,2024-01-25 05:52:08,2024-01-25 18:16:59,25200,106.8461,-6.3594,West-Southwest,Wind Direction: West-Southwest
2024-01-25 20:13:12 WIB,Pasir Gunung Selatan,-6.3594,106.8461,30.14,Clouds,scattered clouds,03n,28.50,31.07,66,34.42,1012,7000,260,,4.12,0,,40,2024-01-25 05:52:08,2024-01-25 18:16:59,25200,106.8461,-6.3594,West,Wind Direction: West
2024-01-25 19:18:19 WIB,Pasir Gunung Selatan,-6.3594,106.8461,30.75,Clouds,scattered clouds,03n,28.50,31.63,62,34.80,1011,7000,230,,2.06,0,,40,2024-01-25 05:52:08,2024-01-25 18:16:59,25200,106.8461,-6.3594,Southwest,Wind Direction: Southwest
2024-01-25 18:08:33 WIB,Pasir Gunung Selatan,-6.3594,106.8461,31.43,Rain,light rain,10d,29.90,31.71,62,36.33,1009,7000,290,,2.57,3.55,,40,2024-01-25 05:52:08,2024-01-25 18:16:59,25200,106.8461,-6.3594,West-Northwest,Wind Direction: West-Northwest
2024-01-25 17:10:48 WIB,Pasir Gunung Selatan,-6.3594,106.8461,32.83,Clouds,broken clouds,04d,31.28,33.68,54,37.12,1009,10000,283,3.97,3.1,0,,69,2024-01-25 05:52:08,2024-01-25 18:16:59,25200,106.8461,-6.3594,West-Northwest,Wind Direction: West-Northwest
2024-01-25 16:10:20 WIB,Pasir Gunung Selatan,-6.3594,106.8461,33.93,Clouds,broken clouds,04d,31.28,34.95,50,38.24,1008,10000,286,4.18,3.43,0,,70,2024-01-25 05:52:08,2024-01-25 18:16:59,25200,106.8461,-6.3594,West-Northwest,Wind Direction: West-Northwest
2024-01-25 15:13:17 WIB,Pasir Gunung Selatan,-6.3594,106.8461,33.74,Rain,moderate rain,10d,32.12,34.96,52,38.49,1009,7000,260,,6.69,3.04,,40,2024-01-25 05:52:08,2024-01-25 18:16:59,25200,106.8461,-6.3594,West,Wind Direction: West
2024-01-25 14:09:35 WIB,Pasir Gunung Selatan,-6.3594,106.8461,34.34,Clouds,scattered clouds,03d,32.39,34.71,49,38.80,1010,7000,230,,7.2,0,,40,2024-01-25 05:52:08,2024-01-25 18:16:59,25200,106.8461,-6.3594,Southwest,Wind Direction: Southwest
2024-01-25 13:13:25 WIB,Pasir Gunung Selatan,-6.3594,106.8461,33.93,Clouds,scattered clouds,03d,32.39,35.50,52,38.92,1011,7000,300,,6.69,0,,40,2024-01-25 05:52:08,2024-01-25 18:16:59,25200,106.8461,-6.3594,West-Northwest,Wind Direction: West-Northwest
2024-01-25 12:09:55 WIB,Pasir Gunung Selatan,-6.3594,106.8461,33.74,Clouds,scattered clouds,03d,32.39,33.85,52,38.49,1012,8000,250,,6.69,0,,40,2024-01-25 05:52:08,2024-01-25 18:16:59,25200,106.8461,-6.3594,West-Southwest,Wind Direction: West-Southwest
2024-01-25 11:12:51 WIB,Pasir Gunung Selatan,-6.3594,106.8461,32.07,Clouds,few clouds,02d,31.01,34.39,58,36.64,1013,8000,240,,2.57,0,,11,2024-01-25 05:52:08,2024-01-25 18:16:59,25200,106.8461,-6.3594,West-Southwest,Wind Direction: West-Southwest
2024-01-25 10:10:52 WIB,Pasir Gunung Selatan,-6.3594,106.8461,31.35,Clouds,few clouds,02d,28.50,33.84,62,36.15,1014,8000,260,,2.06,0,,11,2024-01-25 05:52:08,2024-01-25 18:16:59,25200,106.8461,-6.3594,West,Wind Direction: West
2024-01-25 09:28:10 WIB,Pasir Gunung Selatan,-6.3594,106.8461,30.13,Clouds,few clouds,02d,28.50,31.46,70,35.36,1014,8000,270,,2.06,0,,11,2024-01-25 05:52:08,2024-01-25 18:16:59,25200,106.8461,-6.3594,West,Wind Direction: West
2024-01-25 08:56:05 WIB,Pasir Gunung Selatan,-6.3594,106.8461,29.45,Clouds,few clouds,02d,28.50,32.17,74,34.61,1014,8000,230,,3.6,0,,11,2024-01-25 05:52:08,2024-01-25 18:16:59,25200,106.8461,-6.3594,Southwest,Wind Direction: Southwest
2024-01-25 07:47:51 WIB,Pasir Gunung Selatan,-6.3594,106.8461,27.25,Clear,clear sky,01d,25.71,30.50,89,31.34,1013,8000,240,,1.54,0,,9,2024-01-25 05:52:08,2024-01-25 18:16:59,25200,106.8461,-6.3594,West-Southwest,Wind Direction: West-Southwest
2024-01-25 06:10:00 WIB,Pasir Gunung Selatan,-6.3594,106.8461,26.16,Clouds,few clouds,02d,24.61,27.68,89,26.16,1011,7000,260,,1.54,0,,20,2024-01-25 05:52:08,2024-01-25 18:16:59,25200,106.8461,-6.3594,West,Wind Direction: West
2024-01-25 05:09:18 WIB,Pasir Gunung Selatan,-6.3594,106.8461,25.86,Clouds,few clouds,02n,24.61,27.17,89,26.83,1011,7000,230,,1.54,0,,20,2024-01-25 05:52:08,2024-01-25 18:16:59,25200,106.8461,-6.3594,Southwest,Wind Direction: Southwest
2024-01-25 04:09:08 WIB,Pasir Gunung Selatan,-6.3594,106.8461,26.61,Clouds,scattered clouds,03n,24.61,26.63,79,26.61,1011,10000,185,1.62,1.27,0,,44,2024-01-25 05:52:08,2024-01-25 18:16:59,25200,106.8461,-6.3594,South,Wind Direction: South
2024-01-25 03:11:09 WIB,Pasir Gunung Selatan,-6.3594,106.8461,27.17,Clouds,broken clouds,04n,25.17,27.18,79,30.02,1010,10000,208,1.59,1.31,0,,53,2024-01-25 05:52:08,2024-01-25 18:16:59,25200,106.8461,-6.3594,South-Southwest,Wind Direction: South-Southwest
2024-01-25 02:08:36 WIB,Pasir Gunung Selatan,-6.3594,106.8461,27.72,Clouds,scattered clouds,03n,25.17,27.74,79,31.27,1011,10000,209,2.11,1.57,0,,49,2024-01-25 05:52:08,2024-01-25 18:16:59,25200,106.8461,-6.3594,South-Southwest,Wind Direction: South-Southwest
2024-01-25 01:12:43 WIB,Pasir Gunung Selatan,-6.3594,106.8461,25.63,Clouds,overcast clouds,04n,25.17,25.63,79,26.31,1011,10000,218,2.27,1.77,0,,100,2024-01-25 05:52:08,2024-01-25 18:16:59,25200,106.8461,-6.3594,Southwest,Wind Direction: Southwest
2024-01-25 00:09:18 WIB,Pasir Gunung Selatan,-6.3594,106.8461,27.71,Clouds,few clouds,02n,25.17,27.71,69,30.00,1012,8000,240,,1.54,0,,20,2024-01-25 05:52:08,2024-01-25 18:16:59,25200,106.8461,-6.3594,West-Southwest,Wind Direction: West-Southwest
2024-01-24 23:13:18 WIB,Pasir Gunung Selatan,-6.3594,106.8461,27.71,Clouds,few clouds,02n,26.28,27.71,69,30.00,1012,8000,180,,2.06,0,,20,2024-01-24 05:51:45,2024-01-24 18:16:51,25200,106.8461,-6.3594,South,Wind Direction: South
2024-01-24 22:10:45 WIB,Pasir Gunung Selatan,-6.3594,106.8461,28.71,Clouds,few clouds,02n,26.28,28.71,65,31.29,1011,8000,180,,3.6,0,,20,2024-01-24 05:51:45,2024-01-24 18:16:51,25200,106.8461,-6.3594,South,Wind Direction: South
2024-01-24 21:09:59 WIB,Pasir Gunung Selatan,-6.3594,106.8461,27.71,Clouds,few clouds,02n,26.28,27.71,69,30.00,1011,8000,230,,2.57,0,,20,2024-01-24 05:51:45,2024-01-24 18:16:51,25200,106.8461,-6.3594,Southwest,Wind Direction: Southwest
2024-01-24 20:13:18 WIB,Pasir Gunung Selatan,-6.3594,106.8461,28.53,Clouds,few clouds,02n,26.28,28.71,65,30.96,1011,8000,230,,2.57,0,,20,2024-01-24 05:51:45,2024-01-24 18:16:51,25200,106.8461,-6.3594,Southwest,Wind Direction: Southwest
2024-01-24 19:18:57 WIB,Pasir Gunung Selatan,-6.3594,106.8461,29.35,Rain,light rain,10n,27.68,29.71,62,31.98,1010,8000,210,,5.14,3.55,,40,2024-01-24 05:51:45,2024-01-24 18:16:51,25200,106.8461,-6.3594,South-Southwest,Wind Direction: South-Southwest
2024-01-24 18:08:35 WIB,Pasir Gunung Selatan,-6.3594,106.8461,30.98,Clouds,scattered clouds,03d,29.63,31.63,62,35.31,1009,8000,250,,5.14,0,,40,2024-01-24 05:51:45,2024-01-24 18:16:51,25200,106.8461,-6.3594,West-Southwest,Wind Direction: West-Southwest
2024-01-24 17:11:02 WIB,Pasir Gunung Selatan,-6.3594,106.8461,31.77,Clouds,scattered clouds,03d,30.17,32.17,58,35.98,1008,8000,260,,5.14,0,,40,2024-01-24 05:51:45,2024-01-24 18:16:51,25200,106.8461,-6.3594,West,Wind Direction: West
2024-01-24 16:10:24 WIB,Pasir Gunung Selatan,-6.3594,106.8461,32.47,Clouds,scattered clouds,03d,31.07,33.28,58,37.55,1008,8000,260,,5.14,0,,40,2024-01-24 05:51:45,2024-01-24 18:16:51,25200,106.8461,-6.3594,West,Wind Direction: West
2024-01-24 15:13:25 WIB,Pasir Gunung Selatan,-6.3594,106.8461,32.35,Rain,light rain,10d,31.01,33.28,58,37.27,1009,8000,290,,5.14,3.55,,40,2024-01-24 05:51:45,2024-01-24 18:16:51,25200,106.8461,-6.3594,West-Northwest,Wind Direction: West-Northwest
2024-01-24 14:09:51 WIB,Pasir Gunung Selatan,-6.3594,106.8461,32.14,Clouds,scattered clouds,03d,30.52,33.79,83,39.14,1010,8000,310,,7.72,0,,40,2024-01-24 05:51:45,2024-01-24 18:16:51,25200,106.8461,-6.3594,Northwest,Wind Direction: Northwest
2024-01-24 13:13:39 WIB,Pasir Gunung Selatan,-6.3594,106.8461,31.85,Clouds,scattered clouds,03d,29.96,33.68,83,38.85,1011,8000,240,,7.2,0,,40,2024-01-24 05:51:45,2024-01-24 18:16:51,25200,106.8461,-6.3594,West-Southwest,Wind Direction: West-Southwest
2024-01-24 12:09:58 WIB,Pasir Gunung Selatan,-6.3594,106.8461,31.37,Rain,light rain,10d,29.39,32.57,81,38.37,1012,8000,260,,6.69,5.33,,40,2024-01-24 05:51:45,2024-01-24 18:16:51,25200,106.8461,-6.3594,West,Wind Direction: West
2024-01-24 11:12:33 WIB,Pasir Gunung Selatan,-6.3594,106.8461,31.27,Clouds,scattered clouds,03d,29.40,32.68,83,38.27,1013,8000,280,,6.69,0,,40,2024-01-24 05:51:45,2024-01-24 18:16:51,25200,106.8461,-6.3594,West,Wind Direction: West
2024-01-24 10:10:51 WIB,Pasir Gunung Selatan,-6.3594,106.8461,30.69,Clouds,scattered clouds,03d,28.71,32.57,85,37.69,1013,9000,250,,7.72,0,,40,2024-01-24 05:51:45,2024-01-24 18:16:51,25200,106.8461,-6.3594,West-Southwest,Wind Direction: West-Southwest
2024-01-24 09:26:51 WIB,Pasir Gunung Selatan,-6.3594,106.8461,30.58,Clouds,scattered clouds,03d,28.50,32.57,85,37.58,1012,9000,240,,7.72,0,,40,2024-01-24 05:51:45,2024-01-24 18:16:51,25200,106.8461,-6.3594,West-Southwest,Wind Direction: West-Southwest
2024-01-24 08:55:29 WIB,Pasir Gunung Selatan,-6.3594,106.8461,30.26,Clouds,scattered clouds,03d,28.29,32.01,85,37.26,1012,8000,260,,7.72,0,,40,2024-01-24 05:51:45,2024-01-24 18:16:51,25200,106.8461,-6.3594,West,Wind Direction: West
2024-01-24 07:47:29 WIB,Pasir Gunung Selatan,-6.3594,106.8461,28.60,Clouds,few clouds,02d,27.39,30.90,78,33.27,1012,8000,240,,6.17,0,,20,2024-01-24 05:51:45,2024-01-24 18:16:51,25200,106.8461,-6.3594,West-Southwest,Wind Direction: West-Southwest
2024-01-24 06:09:56 WIB,Pasir Gunung Selatan,-6.3594,106.8461,24.97,Clouds,few clouds,02d,24.71,27.17,88,25.82,1010,8000,240,,2.57,0,,20,2024-01-24 05:51:45,2024-01-24 18:16:51,25200,106.8461,-6.3594,West-Southwest,Wind Direction: West-Southwest
2024-01-24 05:09:32 WIB,Pasir Gunung Selatan,-6.3594,106.8461,25.03,Clouds,few clouds,02n,24.71,27.73,88,25.89,1010,8000,250,,4.12,0,,20,2024-01-24 05:51:45,2024-01-24 18:16:51,25200,106.8461,-6.3594,West-Southwest,Wind Direction: West-Southwest
2024-01-24 04:09:07 WIB,Pasir Gunung Selatan,-6.3594,106.8461,25.63,Clouds,broken clouds,04n,25.17,25.63,76,26.23,1010,10000,229,4,2.39,0,,65,2024-01-24 05:51:45,2024-01-24 18:16:51,25200,106.8461,-6.3594,Southwest,Wind Direction: Southwest
2024-01-24 03:10:48 WIB,Pasir Gunung Selatan,-6.3594,106.8461,25.63,Clouds,broken clouds,04n,25.17,25.63,76,26.23,1010,10000,222,4.1,2.35,0,,65,2024-01-24 05:51:45,2024-01-24 18:16:51,25200,106.8461,-6.3594,Southwest,Wind Direction: Southwest
2024-01-24 02:08:03 WIB,Pasir Gunung Selatan,-6.3594,106.8461,25.63,Clouds,broken clouds,04n,25.17,25.63,75,26.21,1010,10000,228,4.5,2.51,0,,64,2024-01-24 05:51:45,2024-01-24 18:16:51,25200,106.8461,-6.3594,Southwest,Wind Direction: Southwest
2024-01-24 01:12:44 WIB,Pasir Gunung Selatan,-6.3594,106.8461,25.63,Clouds,broken clouds,04n,25.17,25.63,74,26.18,1010,10000,235,5.19,2.9,0,,80,2024-01-24 05:51:45,2024-01-24 18:16:51,25200,106.8461,-6.3594,Southwest,Wind Direction: Southwest
2024-01-24 00:09:23 WIB,Pasir Gunung Selatan,-6.3594,106.8461,26.63,Clouds,broken clouds,04n,26.28,26.63,71,26.63,1011,10000,239,4.88,2.88,0,,74,2024-01-24 05:51:45,2024-01-24 18:16:51,25200,106.8461,-6.3594,West-Southwest,Wind Direction: West-Southwest
2024-01-23 23:13:06 WIB,Pasir Gunung Selatan,-6.3594,106.8461,26.63,Clouds,broken clouds,04n,26.28,26.63,69,26.63,1011,10000,238,4.26,2.58,0,,75,2024-01-23 05:51:22,2024-01-23 18:16:42,25200,106.8461,-6.3594,West-Southwest,Wind Direction: West-Southwest
2024-01-23 22:10:15 WIB,Pasir Gunung Selatan,-6.3594,106.8461,27.71,Clouds,overcast clouds,04n,26.28,27.71,74,30.60,1011,8000,240,,3.09,0,,90,2024-01-23 05:51:22,2024-01-23 18:16:42,25200,106.8461,-6.3594,West-Southwest,Wind Direction: West-Southwest
2024-01-23 21:09:42 WIB,Pasir Gunung Selatan,-6.3594,106.8461,27.71,Clouds,overcast clouds,04n,27.39,27.71,74,30.60,1011,8000,230,,4.12,0,,96,2024-01-23 05:51:22,2024-01-23 18:16:42,25200,106.8461,-6.3594,Southwest,Wind Direction: Southwest
2024-01-23 20:13:09 WIB,Pasir Gunung Selatan,-6.3594,106.8461,28.71,Clouds,few clouds,02n,27.39,28.71,74,32.81,1010,8000,250,,4.12,0,,20,2024-01-23 05:51:22,2024-01-23 18:16:42,25200,106.8461,-6.3594,West-Southwest,Wind Direction: West-Southwest
2024-01-23 19:39:51 WIB,Pasir Gunung Selatan,-6.3594,106.8461,29.71,Clouds,few clouds,02n,28.50,29.71,70,34.34,1010,8000,260,,3.09,0,,20,2024-01-23 05:51:22,2024-01-23 18:16:42,25200,106.8461,-6.3594,West,Wind Direction: West
2024-01-23 19:38:15 WIB,Pasir Gunung Selatan,-6.3594,106.8461,29.71,Clouds,few clouds,02n,28.50,29.71,70,34.34,1010,8000,260,,3.09,0,,20,2024-01-23 05:51:22,2024-01-23 18:16:42,25200,106.8461,-6.3594,West,Wind Direction: West
2024-01-23 19:18:35 WIB,Pasir Gunung Selatan,-6.3594,106.8461,29.71,Clouds,few clouds,02n,28.50,29.71,70,34.34,1010,8000,260,,3.09,0,,20,2024-01-23 05:51:22,2024-01-23 18:16:42,25200,106.8461,-6.3594,West,Wind Direction: West
2024-01-23 18:08:32 WIB,Pasir Gunung Selatan,-6.3594,106.8461,31.61,Clouds,scattered clouds,03d,28.77,33.09,83,38.61,1009,7000,250,,1.54,0,,40,2024-01-23 05:51:21,2024-01-23 18:16:41,25200,106.8498,-6.3596,West-Southwest,Wind Direction: West-Southwest
2024-01-23 17:10:45 WIB,Pasir Gunung Selatan,-6.3594,106.8461,32.32,Clouds,scattered clouds,03d,29.90,33.29,81,39.32,1008,6000,270,,3.6,0,,40,2024-01-23 05:51:22,2024-01-23 18:16:42,25200,106.8461,-6.3594,West,Wind Direction: West
2024-01-23 16:10:12 WIB,Pasir Gunung Selatan,-6.3594,106.8461,32.50,Clouds,scattered clouds,03d,31.28,33.28,79,39.50,1008,6000,240,,4.12,0,,40,2024-01-23 05:51:22,2024-01-23 18:16:42,25200,106.8461,-6.3594,West-Southwest,Wind Direction: West-Southwest
2024-01-23 15:13:29 WIB,Pasir Gunung Selatan,-6.3594,106.8461,32.99,Clouds,scattered clouds,03d,31.28,34.39,76,39.99,1009,6000,230,,5.14,0,,40,2024-01-23 05:51:22,2024-01-23 18:16:42,25200,106.8461,-6.3594,Southwest,Wind Direction: Southwest
2024-01-23 14:10:17 WIB,Pasir Gunung Selatan,-6.3594,106.8461,33.12,Clouds,scattered clouds,03d,31.28,33.84,76,40.12,1010,6000,260,,3.6,0,,40,2024-01-23 05:51:22,2024-01-23 18:16:42,25200,106.8461,-6.3594,West,Wind Direction: West
2024-01-23 13:13:56 WIB,Pasir Gunung Selatan,-6.3594,106.8461,32.41,Clouds,scattered clouds,03d,31.28,33.79,79,39.41,1011,6000,110,,2.57,0,,40,2024-01-23 05:51:22,2024-01-23 18:16:42,25200,106.8461,-6.3594,East-Southeast,Wind Direction: East-Southeast
2024-01-23 12:09:45 WIB,Pasir Gunung Selatan,-6.3594,106.8461,31.76,Clouds,scattered clouds,03d,30.71,32.57,83,38.76,1012,6000,170,,5.14,0,,40,2024-01-23 05:51:22,2024-01-23 18:16:42,25200,106.8461,-6.3594,South,Wind Direction: South
2024-01-23 11:12:37 WIB,Pasir Gunung Selatan,-6.3594,106.8461,30.93,Clouds,scattered clouds,03d,29.71,32.01,83,37.93,1013,6000,200,,5.14,0,,40,2024-01-23 05:51:22,2024-01-23 18:16:42,25200,106.8461,-6.3594,South-Southwest,Wind Direction: South-Southwest
2024-01-23 10:10:47 WIB,Pasir Gunung Selatan,-6.3594,106.8461,29.98,Clouds,scattered clouds,03d,27.71,32.01,87,36.98,1013,6000,230,,4.12,0,,40,2024-01-23 05:51:22,2024-01-23 18:16:42,25200,106.8461,-6.3594,Southwest,Wind Direction: Southwest
2024-01-23 09:27:24 WIB,Pasir Gunung Selatan,-6.3594,106.8461,31.21,Clouds,overcast clouds,04d,29.40,32.01,100,38.21,1013,10000,230,4.18,2.79,0,,92,2024-01-23 05:51:22,2024-01-23 18:16:42,25200,106.8461,-6.3594,Southwest,Wind Direction: Southwest
2024-01-23 08:55:42 WIB,Pasir Gunung Selatan,-6.3594,106.8461,29.73,Haze,haze,50d,26.71,32.12,92,36.73,1013,5000,220,,2.57,0,,40,2024-01-23 05:51:22,2024-01-23 18:16:42,25200,106.8461,-6.3594,Southwest,Wind Direction: Southwest
2024-01-23 07:48:07 WIB,Pasir Gunung Selatan,-6.3594,106.8461,27.57,Clouds,scattered clouds,03d,26.28,29.90,83,31.44,1012,5000,220,,3.6,0,,40,2024-01-23 05:51:22,2024-01-23 18:16:42,25200,106.8461,-6.3594,Southwest,Wind Direction: Southwest
2024-01-23 06:10:06 WIB,Pasir Gunung Selatan,-6.3594,106.8461,28.10,Clouds,overcast clouds,04d,25.17,28.29,76,31.73,1011,10000,230,3.96,2.1,0,,100,2024-01-23 05:51:22,2024-01-23 18:16:42,25200,106.8461,-6.3594,Southwest,Wind Direction: Southwest
2024-01-23 05:09:04 WIB,Pasir Gunung Selatan,-6.3594,106.8461,28.27,Clouds,overcast clouds,04n,25.17,28.29,76,32.12,1011,10000,228,4.23,2.34,0,,100,2024-01-23 05:51:22,2024-01-23 18:16:42,25200,106.8461,-6.3594,Southwest,Wind Direction: Southwest
2024-01-23 04:09:06 WIB,Pasir Gunung Selatan,-6.3594,106.8461,27.72,Clouds,overcast clouds,04n,25.17,27.74,76,30.88,1011,10000,225,4.88,2.6,0,,100,2024-01-23 05:51:22,2024-01-23 18:16:42,25200,106.8461,-6.3594,Southwest,Wind Direction: Southwest
2024-01-23 03:10:49 WIB,Pasir Gunung Selatan,-6.3594,106.8461,28.27,Clouds,overcast clouds,04n,25.17,28.29,76,32.12,1011,10000,225,4.46,2.45,0,,100,2024-01-23 05:51:22,2024-01-23 18:16:42,25200,106.8461,-6.3594,Southwest,Wind Direction: Southwest
2024-01-23 02:08:15 WIB,Pasir Gunung Selatan,-6.3594,106.8461,28.82,Clouds,overcast clouds,04n,25.17,28.85,76,33.45,1010,10000,236,5.39,3.1,0,,100,2024-01-23 05:51:22,2024-01-23 18:16:42,25200,106.8461,-6.3594,Southwest,Wind Direction: Southwest
2024-01-23 01:12:40 WIB,Pasir Gunung Selatan,-6.3594,106.8461,26.63,Clouds,overcast clouds,04n,26.28,26.63,75,26.63,1010,10000,234,5.46,3.16,0,,93,2024-01-23 05:51:22,2024-01-23 18:16:42,25200,106.8461,-6.3594,Southwest,Wind Direction: Southwest
2024-01-23 00:09:32 WIB,Pasir Gunung Selatan,-6.3594,106.8461,27.71,Clouds,overcast clouds,04n,26.28,27.71,74,30.60,1011,8000,240,,3.09,0,,91,2024-01-23 05:51:22,2024-01-23 18:16:42,25200,106.8461,-6.3594,West-Southwest,Wind Direction: West-Southwest
2024-01-22 23:12:58 WIB,Pasir Gunung Selatan,-6.3594,106.8461,26.71,Clouds,overcast clouds,04n,26.28,26.71,78,28.96,1012,8000,270,,3.09,0,,91,2024-01-22 05:50:58,2024-01-22 18:16:32,25200,106.8461,-6.3594,West,Wind Direction: West
2024-01-22 22:10:54 WIB,Pasir Gunung Selatan,-6.3594,106.8461,27.94,Clouds,few clouds,02n,26.28,28.85,69,30.42,1012,8000,240,,4.12,0,,20,2024-01-22 05:50:58,2024-01-22 18:16:32,25200,106.8461,-6.3594,West-Southwest,Wind Direction: West-Southwest
2024-01-22 21:10:13 WIB,Pasir Gunung Selatan,-6.3594,106.8461,28.71,Clouds,few clouds,02n,27.39,28.71,65,31.29,1011,8000,230,,4.12,0,,20,2024-01-22 05:50:58,2024-01-22 18:16:32,25200,106.8461,-6.3594,Southwest,Wind Direction: Southwest
2024-01-22 20:14:04 WIB,Pasir Gunung Selatan,-6.3594,106.8461,29.71,Clouds,scattered clouds,03n,28.50,29.71,62,32.67,1010,6000,260,,7.72,0,,40,2024-01-22 05:50:58,2024-01-22 18:16:32,25200,106.8461,-6.3594,West,Wind Direction: West
2024-01-22 19:19:17 WIB,Pasir Gunung Selatan,-6.3594,106.8461,29.71,Clouds,scattered clouds,03n,28.50,29.71,58,31.92,1010,6000,240,,7.72,0,,40,2024-01-22 05:50:56,2024-01-22 18:16:31,25200,106.8527,-6.3588,West-Southwest,Wind Direction: West-Southwest
2024-01-22 18:08:38 WIB,Pasir Gunung Selatan,-6.3594,106.8461,32.14,Clouds,overcast clouds,04d,29.61,32.57,83,39.14,1009,10000,250,6.99,4.62,0,,98,2024-01-22 05:50:58,2024-01-22 18:16:32,25200,106.8461,-6.3594,West-Southwest,Wind Direction: West-Southwest
2024-01-22 17:36:42 WIB,Pasir Gunung Selatan,-6.3594,106.8461,32.34,Clouds,scattered clouds,03d,29.90,33.12,69,39.34,1008,6000,240,,7.72,0,,40,2024-01-22 05:50:58,2024-01-22 18:16:32,25200,106.8461,-6.3594,West-Southwest,Wind Direction: West-Southwest
2024-01-22 17:28:58 WIB,Pasir Gunung Selatan,-6.3594,106.8461,32.34,Clouds,scattered clouds,03d,29.90,33.12,69,39.34,1008,6000,240,,7.72,0,,40,2024-01-22 05:50:58,2024-01-22 18:16:32,25200,106.8461,-6.3594,West-Southwest,Wind Direction: West-Southwest
2024-01-22 17:12:53 WIB,Pasir Gunung Selatan,-6.3594,106.8461,32.36,Clouds,overcast clouds,04d,29.90,33.12,80,39.36,1008,10000,255,7.1,4.82,0,,97,2024-01-22 05:50:58,2024-01-22 18:16:32,25200,106.8461,-6.3594,West-Southwest,Wind Direction: West-Southwest
2024-01-22 17:11:02 WIB,Pasir Gunung Selatan,-6.3594,106.8461,32.36,Clouds,overcast clouds,04d,29.90,33.12,80,39.36,1008,10000,255,7.1,4.82,0,,97,2024-01-22 05:50:58,2024-01-22 18:16:32,25200,106.8461,-6.3594,West-Southwest,Wind Direction: West-Southwest
2024-01-22 16:10:55 WIB,Pasir Gunung Selatan,-6.3594,106.8461,32.97,Clouds,scattered clouds,03d,31.01,34.39,72,39.97,1008,8000,240,,7.72,0,,40,2024-01-22 05:50:58,2024-01-22 18:16:32,25200,106.8461,-6.3594,West-Southwest,Wind Direction: West-Southwest
2024-01-22 15:13:45 WIB,Pasir Gunung Selatan,-6.3594,106.8461,33.44,Clouds,scattered clouds,03d,32.57,34.95,73,40.44,1008,8000,270,,7.72,0,,40,2024-01-22 05:50:58,2024-01-22 18:16:32,25200,106.8461,-6.3594,West,Wind Direction: West
2024-01-22 14:09:54 WIB,Pasir Gunung Selatan,-6.3594,106.8461,33.01,Rain,light rain,10d,32.01,34.39,72,40.01,1009,8000,270,,7.72,3.55,,40,2024-01-22 05:50:58,2024-01-22 18:16:32,25200,106.8461,-6.3594,West,Wind Direction: West
2024-01-22 13:14:08 WIB,Pasir Gunung Selatan,-6.3594,106.8461,32.94,Clouds,scattered clouds,03d,31.28,34.23,73,39.94,1009,8000,250,,9.26,0,,40,2024-01-22 05:50:58,2024-01-22 18:16:32,25200,106.8461,-6.3594,West-Southwest,Wind Direction: West-Southwest
2024-01-22 12:10:30 WIB,Pasir Gunung Selatan,-6.3594,106.8461,32.36,Clouds,scattered clouds,03d,31.01,34.40,76,39.36,1011,6000,270,,7.72,0,,40,2024-01-22 05:50:58,2024-01-22 18:16:32,25200,106.8461,-6.3594,West,Wind Direction: West
2024-01-22 11:12:39 WIB,Pasir Gunung Selatan,-6.3594,106.8461,31.59,Clouds,scattered clouds,03d,31.28,31.71,79,38.59,1011,6000,250,,7.72,0,,40,2024-01-22 05:50:58,2024-01-22 18:16:32,25200,106.8461,-6.3594,West-Southwest,Wind Direction: West-Southwest
2024-01-22 10:11:10 WIB,Pasir Gunung Selatan,-6.3594,106.8461,30.45,Clouds,scattered clouds,03d,29.71,32.01,85,37.45,1012,6000,240,,7.72,0,,40,2024-01-22 05:50:58,2024-01-22 18:16:32,25200,106.8461,-6.3594,West-Southwest,Wind Direction: West-Southwest
2024-01-22 09:32:12 WIB,Pasir Gunung Selatan,-6.3594,106.8461,29.97,Clouds,scattered clouds,03d,28.50,31.46,87,36.97,1012,6000,240,,8.23,0,,40,2024-01-22 05:50:58,2024-01-22 18:16:32,25200,106.8461,-6.3594,West-Southwest,Wind Direction: West-Southwest
2024-01-22 08:57:43 WIB,Pasir Gunung Selatan,-6.3594,106.8461,29.85,Clouds,scattered clouds,03d,27.39,30.90,87,36.85,1012,6000,240,,6.17,0,,40,2024-01-22 05:50:58,2024-01-22 18:16:32,25200,106.8461,-6.3594,West-Southwest,Wind Direction: West-Southwest
2024-01-22 08:33:17 WIB,Pasir Gunung Selatan,-6.3594,106.8461,28.17,Clouds,scattered clouds,03d,27.39,29.39,78,32.20,1011,6000,270,,4.12,0,,40,2024-01-22 05:50:58,2024-01-22 18:16:32,25200,106.8461,-6.3594,West,Wind Direction: West
2024-01-22 08:21:24 WIB,Pasir Gunung Selatan,-6.3594,106.8461,28.07,Clouds,scattered clouds,03d,27.39,29.39,78,31.96,1011,6000,270,,4.12,0,,40,2024-01-22 05:50:58,2024-01-22 18:16:32,25200,106.8461,-6.3594,West,Wind Direction: West
